{
  "totalKm": 50.12253285527007,
  "fraction": 0.0026380280450142143
}